{
  "Not Viable": 0.22023809523809523,
  "P_Not_Viable": 0.22023809523809523,
  "Low": 0.35714285714285715,
  "P_Low": 0.35714285714285715,
  "Mid": 0.2261904761904762,
  "P_Mid": 0.2261904761904762,
  "High": 0.19642857142857142,
  "P_High": 0.19642857142857142
}
